symbol,signal,pred_ret,pnl_percent,raw_ret_pct,position_scale,week,week_start
BARUSDT,BUY,0.66865,0.2753,0.4753,1.0,1,2024-09-09
VICUSDT,BUY,2.29999,8.7956,8.9956,1.0,1,2024-09-09
QUICKUSDT,BUY,0.30668,20.9005,21.1005,1.0,1,2024-09-09
GTCUSDT,BUY,1.90359,1.4751,1.6751,1.0,1,2024-09-09
COTIUSDT,BUY,0.36329,30.3349,30.5349,1.0,1,2024-09-09
NOTUSDT,SELL,-11.63092,4.7331,-9.6662,0.5,1,2024-09-09
TKOUSDT,SELL,-22.32713,-4.9779,9.7557,0.5,1,2024-09-09
NEARUSDT,SELL,-12.72619,-1.0756,1.9512,0.5,1,2024-09-09
LINKUSDT,SELL,-12.27592,0.0866,-0.3731,0.5,1,2024-09-09
AAVEUSDT,SELL,-13.55747,-2.0134,3.8268,0.5,1,2024-09-09
WINUSDT,BUY,7.82984,6.2612,6.4612,1.0,2,2024-09-16
SUNUSDT,BUY,6.83078,1.8834,2.0834,1.0,2,2024-09-16
1INCHUSDT,BUY,8.08145,14.993,15.193,1.0,2,2024-09-16
NMRUSDT,BUY,6.85205,13.0333,13.2333,1.0,2,2024-09-16
DUSKUSDT,BUY,7.62483,13.57,13.77,1.0,2,2024-09-16
SUIUSDT,SELL,-6.86441,-16.8804,33.5607,0.5,2,2024-09-16
FIDAUSDT,SELL,-5.14576,-10.5546,20.9092,0.5,2,2024-09-16
THETAUSDT,SELL,-6.03658,-1.9425,3.685,0.5,2,2024-09-16
SAGAUSDT,SELL,-9.71217,-22.372,44.5439,0.5,2,2024-09-16
RUNEUSDT,SELL,-6.29651,-6.9752,13.7503,0.5,2,2024-09-16
FUNUSDT,BUY,9.60859,0.9703,1.1703,1.0,3,2024-09-23
RAYUSDT,BUY,9.62975,19.8731,20.0731,1.0,3,2024-09-23
DOGSUSDT,BUY,15.02065,-3.6932,-3.4932,1.0,3,2024-09-23
ZECUSDT,BUY,16.82165,-3.9118,-3.7118,1.0,3,2024-09-23
ILVUSDT,BUY,18.5201,11.9331,12.1331,1.0,3,2024-09-23
IMXUSDT,SELL,-8.38522,2.9809,-6.1619,0.5,3,2024-09-23
RONINUSDT,SELL,-7.84598,-4.9978,9.7957,0.5,3,2024-09-23
ARDRUSDT,SELL,-8.51481,-0.0285,-0.143,0.5,3,2024-09-23
ARKMUSDT,SELL,-6.04206,-5.8821,11.5643,0.5,3,2024-09-23
NEIROUSDT,SELL,-9.89235,7.3579,-14.9157,0.5,3,2024-09-23
BTCUSDT,BUY,9.15895,-1.1329,-0.9329,1.0,4,2024-09-30
ARDRUSDT,BUY,11.37369,3.6253,3.8253,1.0,4,2024-09-30
STORJUSDT,BUY,10.99067,-5.2078,-5.0078,1.0,4,2024-09-30
SANTOSUSDT,BUY,10.68931,3.2391,3.4391,1.0,4,2024-09-30
PEPEUSDT,BUY,9.33721,-5.1846,-4.9846,1.0,4,2024-09-30
LTCUSDT,BUY,5.13232,-1.7127,-1.5127,1.0,5,2024-10-07
WUSDT,BUY,5.89134,-5.3908,-5.1908,1.0,5,2024-10-07
ACMUSDT,BUY,6.79633,10.2186,10.4186,1.0,5,2024-10-07
SSVUSDT,BUY,5.22615,-1.6789,-1.4789,1.0,5,2024-10-07
CITYUSDT,BUY,6.16931,10.2337,10.4337,1.0,5,2024-10-07
SXPUSDT,BUY,8.57352,-5.2533,-5.0533,1.0,6,2024-10-14
BLURUSDT,BUY,7.54174,7.2398,7.4398,1.0,6,2024-10-14
TWTUSDT,BUY,5.75402,-5.559,-5.359,1.0,6,2024-10-14
SEIUSDT,BUY,6.65046,-10.0978,-9.8978,1.0,6,2024-10-14
TRXUSDT,BUY,8.79432,-1.8998,-1.6998,1.0,6,2024-10-14
METISUSDT,SELL,-10.90232,-9.6617,19.1235,0.5,6,2024-10-14
PEOPLEUSDT,SELL,-12.12514,2.6689,-5.5378,0.5,6,2024-10-14
SAGAUSDT,SELL,-12.60087,8.8315,-17.863,0.5,6,2024-10-14
RAYUSDT,SELL,-12.7327,-8.4253,16.6506,0.5,6,2024-10-14
AAVEUSDT,SELL,-11.66993,2.9885,-6.177,0.5,6,2024-10-14
ARKUSDT,BUY,12.44516,-14.3187,-14.1187,1.0,7,2024-10-21
CKBUSDT,BUY,10.94211,-14.5749,-14.3749,1.0,7,2024-10-21
MBLUSDT,BUY,10.92618,-10.197,-9.997,1.0,7,2024-10-21
SCUSDT,BUY,14.53999,-10.5032,-10.3032,1.0,7,2024-10-21
HIGHUSDT,BUY,9.97359,-12.9191,-12.7191,1.0,7,2024-10-21
XRPUSDT,SELL,-7.98611,3.3284,-6.8567,0.5,7,2024-10-21
ATOMUSDT,SELL,-10.23634,5.8421,-11.8842,0.5,7,2024-10-21
SCRUSDT,SELL,-10.9025,24.4405,-49.0809,0.5,7,2024-10-21
APEUSDT,SELL,-9.32456,18.7033,-37.6065,0.5,7,2024-10-21
LUMIAUSDT,SELL,-9.90751,12.589,-25.378,0.5,7,2024-10-21
JTOUSDT,SELL,-12.22055,11.6743,-23.5485,0.5,8,2024-10-28
RUNEUSDT,SELL,-12.05113,6.223,-12.646,0.5,8,2024-10-28
CTKUSDT,SELL,-10.81624,-1.5396,2.8791,0.5,8,2024-10-28
ZECUSDT,SELL,-14.69473,2.1107,-4.4214,0.5,8,2024-10-28
AAVEUSDT,SELL,-11.18991,7.8612,-15.9225,0.5,8,2024-10-28
JTOUSDT,BUY,11.6734,42.749,42.949,1.0,9,2024-11-04
SYSUSDT,BUY,15.43331,22.7936,22.9936,1.0,9,2024-11-04
SCRUSDT,BUY,19.44731,29.6942,29.8942,1.0,9,2024-11-04
APEUSDT,BUY,11.94649,20.4318,20.6318,1.0,9,2024-11-04
RUNEUSDT,BUY,14.99425,20.666,20.866,1.0,9,2024-11-04
RONINUSDT,BUY,5.79872,-6.3806,-6.1806,1.0,10,2024-11-11
PROMUSDT,BUY,7.6334,4.0762,4.2762,1.0,10,2024-11-11
NEIROUSDT,BUY,12.71648,-12.1954,-11.9954,1.0,10,2024-11-11
GNOUSDT,BUY,7.0018,-0.9678,-0.7678,1.0,10,2024-11-11
BNBUSDT,BUY,6.0602,0.6077,0.8077,1.0,10,2024-11-11
ARDRUSDT,SELL,-13.04204,2.6072,-5.4144,0.5,10,2024-11-11
PYRUSDT,SELL,-12.7244,2.0361,-4.2722,0.5,10,2024-11-11
CTKUSDT,SELL,-10.58287,-9.6861,19.1722,0.5,10,2024-11-11
LUMIAUSDT,SELL,-13.25782,9.2957,-18.7915,0.5,10,2024-11-11
STXUSDT,SELL,-11.687,3.2438,-6.6876,0.5,10,2024-11-11
DYMUSDT,BUY,9.63773,39.8977,40.0977,1.0,11,2024-11-18
TAOUSDT,BUY,9.31426,9.6338,9.8338,1.0,11,2024-11-18
IOUSDT,BUY,10.48779,24.1407,24.3407,1.0,11,2024-11-18
TNSRUSDT,BUY,9.00547,9.0481,9.2481,1.0,11,2024-11-18
RUNEUSDT,BUY,9.66738,8.2303,8.4303,1.0,11,2024-11-18
ALGOUSDT,SELL,-15.22909,-14.261,28.322,0.5,11,2024-11-18
LRCUSDT,SELL,-18.73292,-6.912,13.624,0.5,11,2024-11-18
PONDUSDT,SELL,-20.36352,8.2163,-16.6326,0.5,11,2024-11-18
VTHOUSDT,SELL,-13.85288,-15.2029,30.2057,0.5,11,2024-11-18
XLMUSDT,SELL,-13.06005,-0.1,0.0,0.5,11,2024-11-18
LUMIAUSDT,BUY,3.92075,16.9503,17.1503,1.0,12,2024-11-25
PAXGUSDT,BUY,4.83552,-2.0805,-1.8805,1.0,12,2024-11-25
IOTAUSDT,SELL,-15.71633,-14.4942,28.7884,0.5,12,2024-11-25
COSUSDT,SELL,-15.91688,-0.2168,0.2335,0.5,12,2024-11-25
JOEUSDT,SELL,-21.69684,-1.4346,2.6693,0.5,12,2024-11-25
XNOUSDT,SELL,-16.13367,-8.7782,17.3565,0.5,12,2024-11-25
CAKEUSDT,SELL,-15.25739,4.0561,-8.3121,0.5,12,2024-11-25
DASHUSDT,SELL,-5.71165,0.408,-1.016,0.5,13,2024-12-02
WANUSDT,SELL,-24.37125,-1.8457,3.4914,0.5,13,2024-12-02
DCRUSDT,SELL,-8.62392,-7.9191,15.6382,0.5,13,2024-12-02
XVGUSDT,SELL,-17.57148,-19.8945,39.589,0.5,13,2024-12-02
KAIAUSDT,SELL,-6.84773,-0.534,0.868,0.5,13,2024-12-02
STRAXUSDT,BUY,19.6956,-12.7507,-12.5507,1.0,14,2024-12-09
SYNUSDT,BUY,20.11825,-9.0436,-8.8436,1.0,14,2024-12-09
QIUSDT,BUY,19.95757,-6.7657,-6.5657,1.0,14,2024-12-09
ZECUSDT,BUY,19.99562,-7.8904,-7.6904,1.0,14,2024-12-09
KAIAUSDT,BUY,19.92151,0.5212,0.7212,1.0,14,2024-12-09
USUALUSDT,SELL,-10.64675,-20.1755,40.151,0.5,15,2024-12-16
SUIUSDT,SELL,-6.48839,4.6888,-9.5776,0.5,15,2024-12-16
EIGENUSDT,SELL,-8.23531,15.8802,-31.9603,0.5,15,2024-12-16
DEGOUSDT,SELL,-13.33515,8.9437,-18.0874,0.5,15,2024-12-16
AAVEUSDT,SELL,-6.24885,6.4355,-13.071,0.5,15,2024-12-16
AUCTIONUSDT,BUY,3.89943,-2.1848,-1.9848,1.0,16,2024-12-23
FUNUSDT,BUY,12.47881,-2.2615,-2.0615,1.0,16,2024-12-23
VANAUSDT,BUY,5.56694,10.1514,10.3514,1.0,16,2024-12-23
COWUSDT,BUY,5.22565,22.3747,22.5747,1.0,16,2024-12-23
AGLDUSDT,BUY,2.54494,-0.2,0.0,1.0,16,2024-12-23
ZKUSDT,SELL,-14.27172,-3.6126,7.0251,0.5,16,2024-12-23
ALGOUSDT,SELL,-14.32197,5.0922,-10.3844,0.5,16,2024-12-23
XNOUSDT,SELL,-14.66085,-0.2067,0.2134,0.5,16,2024-12-23
ONEUSDT,SELL,-14.26583,-2.0369,3.8738,0.5,16,2024-12-23
CRVUSDT,SELL,-13.39289,-4.8761,9.5521,0.5,16,2024-12-23
GUSDT,BUY,11.05767,2.6813,2.8813,1.0,17,2024-12-30
DEGOUSDT,BUY,12.29439,5.8933,6.0933,1.0,17,2024-12-30
DCRUSDT,BUY,12.03589,1.9053,2.1053,1.0,17,2024-12-30
MOVRUSDT,BUY,13.19154,6.5723,6.7723,1.0,17,2024-12-30
FORTHUSDT,BUY,10.74662,5.8439,6.0439,1.0,17,2024-12-30
SXPUSDT,SELL,-18.63345,2.5933,-5.3865,0.5,17,2024-12-30
PHAUSDT,SELL,-10.38745,19.8815,-39.963,0.5,17,2024-12-30
EIGENUSDT,SELL,-7.96395,-6.2039,12.2077,0.5,17,2024-12-30
AVAUSDT,SELL,-7.70237,4.4052,-9.0103,0.5,17,2024-12-30
AGLDUSDT,SELL,-9.77994,-0.4824,0.7648,0.5,17,2024-12-30
STRAXUSDT,BUY,12.23986,-11.8997,-11.6997,1.0,18,2025-01-06
WIFUSDT,BUY,8.99759,-33.3955,-33.1955,1.0,18,2025-01-06
DEXEUSDT,BUY,9.90109,-11.9073,-11.7073,1.0,18,2025-01-06
CVXUSDT,BUY,11.41087,-26.3448,-26.1448,1.0,18,2025-01-06
CRVUSDT,BUY,12.05055,-24.5156,-24.3156,1.0,18,2025-01-06
AIUSDT,SELL,-7.20647,11.0638,-22.3276,0.5,18,2025-01-06
OSMOUSDT,SELL,-16.92464,16.1849,-32.5698,0.5,18,2025-01-06
SCUSDT,SELL,-8.96199,5.7182,-11.6364,0.5,18,2025-01-06
PONDUSDT,SELL,-7.96336,16.7978,-33.7955,0.5,18,2025-01-06
RENDERUSDT,SELL,-7.46225,12.5885,-25.377,0.5,18,2025-01-06
ONTUSDT,SELL,0.05201,4.3639,-17.6558,0.25,19,2025-01-13
IDEXUSDT,SELL,0.36586,2.3366,-9.5464,0.25,19,2025-01-13
RADUSDT,SELL,-4.44423,2.4719,-10.0877,0.25,19,2025-01-13
PROMUSDT,SELL,-12.71137,10.0243,-40.2973,0.25,19,2025-01-13
PAXGUSDT,SELL,-0.82197,-0.1521,0.4082,0.25,19,2025-01-13
PNUTUSDT,BUY,11.62847,-0.2,0.0,1.0,20,2025-01-20
ACTUSDT,BUY,17.98873,18.1994,18.3994,1.0,20,2025-01-20
BOMEUSDT,BUY,8.42761,-31.4501,-31.2501,1.0,20,2025-01-20
PROMUSDT,BUY,7.42941,-19.4268,-19.2268,1.0,20,2025-01-20
AIXBTUSDT,BUY,7.22557,-28.8016,-28.6016,1.0,20,2025-01-20
ALGOUSDT,SELL,-10.81956,13.9637,-28.1273,0.5,20,2025-01-20
AMPUSDT,SELL,-10.41247,6.9438,-14.0875,0.5,20,2025-01-20
BONKUSDT,SELL,-11.9924,16.4427,-33.0854,0.5,20,2025-01-20
SPELLUSDT,SELL,-14.5413,-18.8838,37.5676,0.5,20,2025-01-20
BNSOLUSDT,SELL,-11.21196,7.1725,-14.5449,0.5,20,2025-01-20
ACTUSDT,SELL,-8.33932,1.8315,-3.863,0.5,21,2025-01-27
BELUSDT,SELL,-12.03185,-13.5552,26.9104,0.5,21,2025-01-27
ACHUSDT,SELL,-13.18225,-8.8387,17.4773,0.5,21,2025-01-27
DEXEUSDT,SELL,-5.35022,-5.9726,11.7451,0.5,21,2025-01-27
ACXUSDT,SELL,-1.55307,11.9838,-24.1676,0.5,21,2025-01-27
HMSTRUSDT,BUY,30.1715,-3.0371,-2.8371,1.0,22,2025-02-03
VICUSDT,BUY,30.42969,14.5244,14.7244,1.0,22,2025-02-03
VANRYUSDT,BUY,36.64404,-1.7436,-1.5436,1.0,22,2025-02-03
SOLVUSDT,BUY,30.53926,3.079,3.279,1.0,22,2025-02-03
GTCUSDT,BUY,31.47234,12.1794,12.3794,1.0,22,2025-02-03
KAVAUSDT,SELL,-6.86995,0.3401,-0.8801,0.5,22,2025-02-03
ACTUSDT,SELL,-8.86763,2.2977,-4.5955,0.5,22,2025-02-03
MASKUSDT,SELL,-6.70589,3.3863,-6.9727,0.5,22,2025-02-03
BELUSDT,SELL,-4.40833,-10.5269,21.0537,0.5,22,2025-02-03
DEXEUSDT,SELL,-8.83596,7.967,-15.934,0.5,22,2025-02-03
AUCTIONUSDT,BUY,3.96334,15.6517,15.8517,1.0,23,2025-02-10
LISTAUSDT,BUY,3.62043,34.6274,34.8274,1.0,23,2025-02-10
PROMUSDT,BUY,5.72577,7.9346,8.1346,1.0,23,2025-02-10
DEXEUSDT,BUY,8.42456,-7.9657,-7.7657,1.0,23,2025-02-10
BNBUSDT,BUY,10.51636,10.3261,10.5261,1.0,23,2025-02-10
AIXBTUSDT,SELL,-13.2792,7.5483,-15.2966,0.5,23,2025-02-10
XNOUSDT,SELL,-26.55004,-1.8163,3.4327,0.5,23,2025-02-10
DCRUSDT,SELL,-14.08696,-3.0091,5.8182,0.5,23,2025-02-10
CVXUSDT,SELL,-13.09868,-6.041,11.8821,0.5,23,2025-02-10
COTIUSDT,SELL,-14.0154,-1.7051,3.2102,0.5,23,2025-02-10
IDUSDT,BUY,11.24551,-4.3687,-4.1687,1.0,24,2025-02-17
SXPUSDT,BUY,14.79214,-9.0031,-8.8031,1.0,24,2025-02-17
CGPTUSDT,BUY,10.83654,5.1636,5.3636,1.0,24,2025-02-17
SOLVUSDT,BUY,15.38322,2.5399,2.7399,1.0,24,2025-02-17
MLNUSDT,BUY,13.46836,-7.6223,-7.4223,1.0,24,2025-02-17
ARKUSDT,SELL,-16.51932,8.5659,-17.3317,0.5,24,2025-02-17
RONINUSDT,SELL,-11.35833,7.4272,-15.0545,0.5,24,2025-02-17
EIGENUSDT,SELL,-13.99435,2.1796,-4.5592,0.5,24,2025-02-17
SUSDT,SELL,-14.06263,-20.3268,40.4536,0.5,24,2025-02-17
JUVUSDT,SELL,-12.85011,5.2565,-10.713,0.5,24,2025-02-17
ORDIUSDT,BUY,21.91998,5.7599,5.9599,1.0,25,2025-02-24
COWUSDT,BUY,19.66367,0.1369,0.3369,1.0,25,2025-02-24
MAVUSDT,BUY,20.30144,-10.0402,-9.8402,1.0,25,2025-02-24
RAYUSDT,BUY,21.401,-22.3113,-22.1113,1.0,25,2025-02-24
AIXBTUSDT,BUY,24.70983,8.8262,9.0262,1.0,25,2025-02-24
WIFUSDT,SELL,-6.63338,23.5559,-47.3117,0.5,26,2025-03-03
PROMUSDT,SELL,-5.73151,6.534,-13.2679,0.5,26,2025-03-03
DEXEUSDT,SELL,-6.0658,2.9781,-6.1561,0.5,26,2025-03-03
LAYERUSDT,SELL,-11.85489,4.8941,-9.9882,0.5,26,2025-03-03
COTIUSDT,SELL,-6.91807,13.6888,-27.5776,0.5,26,2025-03-03
VANAUSDT,BUY,14.7951,25.7839,25.9839,1.0,27,2025-03-10
TNSRUSDT,BUY,19.86936,-25.879,-25.679,1.0,27,2025-03-10
SEIUSDT,BUY,18.14475,-0.5497,-0.3497,1.0,27,2025-03-10
RUNEUSDT,BUY,24.02246,5.8412,6.0412,1.0,27,2025-03-10
GPSUSDT,BUY,18.04706,-6.34,-6.14,1.0,27,2025-03-10
AUCTIONUSDT,SELL,-17.6974,-0.1,0.0,0.5,27,2025-03-10
RAREUSDT,SELL,-16.54782,3.9872,-8.1743,0.5,27,2025-03-10
SOLVUSDT,SELL,-15.86568,0.377,-0.9539,0.5,27,2025-03-10
AUDIOUSDT,SELL,-23.05066,9.7355,-19.671,0.5,27,2025-03-10
LAYERUSDT,SELL,-11.4042,-15.0063,30.0126,0.5,27,2025-03-10
RAREUSDT,BUY,6.52099,-19.1011,-18.9011,1.0,28,2025-03-17
HMSTRUSDT,BUY,20.67144,-0.0514,0.1486,1.0,28,2025-03-17
IOUSDT,BUY,9.11889,7.5811,7.7811,1.0,28,2025-03-17
SOLVUSDT,BUY,7.47017,-12.9811,-12.7811,1.0,28,2025-03-17
AIXBTUSDT,BUY,10.25345,4.609,4.809,1.0,28,2025-03-17
THEUSDT,SELL,-13.37407,13.0716,-26.3433,0.5,28,2025-03-17
DEGOUSDT,SELL,-12.98839,1.5736,-3.3472,0.5,28,2025-03-17
1000CHEEMSUSDT,SELL,-16.83284,-22.2202,44.2404,0.5,28,2025-03-17
PENGUUSDT,SELL,-13.00666,1.6452,-3.4903,0.5,28,2025-03-17
CAKEUSDT,SELL,-18.94891,0.2903,-0.7806,0.5,28,2025-03-17
1000CHEEMSUSDT,SELL,-16.6626,5.7369,-11.4737,0.5,29,2025-03-24
ACXUSDT,SELL,-12.84901,14.2734,-28.7468,0.5,29,2025-03-24
ONEUSDT,SELL,-13.8743,10.3899,-20.9798,0.5,29,2025-03-24
RAYUSDT,SELL,-11.76246,6.1969,-12.5938,0.5,29,2025-03-24
RENDERUSDT,SELL,-13.68321,7.3627,-14.9254,0.5,29,2025-03-24
FUNUSDT,SELL,-3.06357,-22.4992,44.7985,0.5,30,2025-03-31
BELUSDT,SELL,-5.3679,6.3563,-12.9127,0.5,30,2025-03-31
QUICKUSDT,SELL,-5.77809,9.6688,-19.5376,0.5,30,2025-03-31
MLNUSDT,SELL,-19.22289,-0.1,0.0,0.5,30,2025-03-31
TSTUSDT,SELL,-6.82881,-4.6891,9.1782,0.5,30,2025-03-31
AGLDUSDT,BUY,31.93464,17.4139,17.6139,1.0,31,2025-04-07
BBUSDT,BUY,34.86935,9.2908,9.4908,1.0,31,2025-04-07
LTCUSDT,BUY,26.38983,15.8472,16.0472,1.0,31,2025-04-07
TKOUSDT,BUY,33.49912,10.5786,10.7786,1.0,31,2025-04-07
VELODROMEUSDT,BUY,36.45016,14.3039,14.5039,1.0,31,2025-04-07
COWUSDT,SELL,-9.69734,0.9709,-4.0836,0.25,32,2025-04-14
FUNUSDT,SELL,-12.46068,9.1084,-36.6337,0.25,32,2025-04-14
RAYUSDT,SELL,-11.31245,-2.5597,10.0387,0.25,32,2025-04-14
ORCAUSDT,SELL,-12.21316,5.0017,-20.2067,0.25,32,2025-04-14
GUNUSDT,SELL,-10.93079,-0.0454,-0.0183,0.25,32,2025-04-14
TSTUSDT,BUY,11.00339,5.9757,6.1757,1.0,33,2025-04-21
EPICUSDT,BUY,10.3902,-5.8281,-5.6281,1.0,33,2025-04-21
ACTUSDT,BUY,16.0249,-2.1316,-1.9316,1.0,33,2025-04-21
ARDRUSDT,BUY,11.95236,25.946,26.146,1.0,33,2025-04-21
ARKUSDT,BUY,8.63175,-5.5571,-5.3571,1.0,33,2025-04-21
PYRUSDT,SELL,-14.44641,4.822,-9.844,0.5,33,2025-04-21
ENJUSDT,SELL,-20.56555,10.0967,-20.3935,0.5,33,2025-04-21
SYNUSDT,SELL,-17.57066,-0.1,0.0,0.5,33,2025-04-21
CVXUSDT,SELL,-17.68099,-2.6437,5.0874,0.5,33,2025-04-21
SKLUSDT,SELL,-28.31032,5.2559,-10.7118,0.5,33,2025-04-21
STEEMUSDT,BUY,7.8779,-6.3723,-6.1723,1.0,34,2025-04-28
FORMUSDT,BUY,4.83605,9.8863,10.0863,1.0,34,2025-04-28
SNXUSDT,BUY,3.92904,-10.194,-9.994,1.0,34,2025-04-28
DEGOUSDT,BUY,6.05842,-6.2496,-6.0496,1.0,34,2025-04-28
MLNUSDT,BUY,4.22219,-9.1948,-8.9948,1.0,34,2025-04-28
EDUUSDT,SELL,-24.13012,14.1693,-28.5386,0.5,34,2025-04-28
FUNUSDT,SELL,-13.15363,15.5086,-31.2173,0.5,34,2025-04-28
SYSUSDT,SELL,-12.73203,2.1684,-4.5369,0.5,34,2025-04-28
BMTUSDT,SELL,-12.57351,-11.7151,23.2302,0.5,34,2025-04-28
SHELLUSDT,SELL,-12.33473,3.472,-7.1441,0.5,34,2025-04-28
PORTOUSDT,BUY,11.92413,20.946,21.146,1.0,35,2025-05-05
LAZIOUSDT,BUY,12.33164,16.8541,17.0541,1.0,35,2025-05-05
STRAXUSDT,BUY,10.24238,2.6993,2.8993,1.0,35,2025-05-05
SANTOSUSDT,BUY,12.63934,13.0264,13.2264,1.0,35,2025-05-05
KAVAUSDT,BUY,10.59513,8.9472,9.1472,1.0,35,2025-05-05
ACEUSDT,SELL,-18.95274,5.4078,-21.8313,0.25,36,2025-05-12
EDUUSDT,SELL,-19.07999,5.256,-21.2242,0.25,36,2025-05-12
SCRTUSDT,SELL,-16.39178,7.5258,-30.3031,0.25,36,2025-05-12
WIFUSDT,SELL,-18.18595,7.3391,-29.5562,0.25,36,2025-05-12
TNSRUSDT,SELL,-16.27034,7.4651,-30.0605,0.25,36,2025-05-12
SXTUSDT,BUY,13.03648,15.0392,15.2392,1.0,37,2025-05-19
LAYERUSDT,BUY,13.23153,5.5925,5.7925,1.0,37,2025-05-19
QTUMUSDT,BUY,13.16995,0.9213,1.1213,1.0,37,2025-05-19
INITUSDT,BUY,13.94315,17.0319,17.2319,1.0,37,2025-05-19
PHBUSDT,BUY,12.66144,10.7019,10.9019,1.0,37,2025-05-19
ASRUSDT,SELL,-10.76108,-5.2384,10.2769,0.5,37,2025-05-19
PAXGUSDT,SELL,-5.94116,-1.2435,2.287,0.5,37,2025-05-19
EPICUSDT,SELL,-6.62192,3.986,-8.1719,0.5,37,2025-05-19
KAITOUSDT,SELL,-8.23825,-1.2875,2.375,0.5,37,2025-05-19
OGUSDT,SELL,-5.0198,-0.0718,-0.0564,0.5,37,2025-05-19
ENJUSDT,SELL,-13.35139,10.282,-20.7639,0.5,38,2025-05-26
JUPUSDT,SELL,-13.48642,9.1596,-18.5192,0.5,38,2025-05-26
SYNUSDT,SELL,-13.27121,16.2688,-32.7377,0.5,38,2025-05-26
VANRYUSDT,SELL,-14.72899,13.4463,-27.0926,0.5,38,2025-05-26
PIXELUSDT,SELL,-14.45655,10.8485,-21.897,0.5,38,2025-05-26
PONDUSDT,BUY,8.15681,-0.9714,-0.7714,1.0,39,2025-06-02
BIFIUSDT,BUY,10.51978,-16.8091,-16.6091,1.0,39,2025-06-02
CKBUSDT,BUY,17.49032,-1.5255,-1.3255,1.0,39,2025-06-02
RAYUSDT,BUY,12.02133,-1.6536,-1.4536,1.0,39,2025-06-02
INITUSDT,BUY,9.72972,-8.3231,-8.1231,1.0,39,2025-06-02
HUMAUSDT,SELL,-8.97568,-12.9669,25.7337,0.5,39,2025-06-02
SYRUPUSDT,SELL,-11.36035,-3.2866,6.3732,0.5,39,2025-06-02
BMTUSDT,SELL,-8.37978,-7.5365,14.8729,0.5,39,2025-06-02
ZECUSDT,SELL,-8.41927,4.1713,-8.5426,0.5,39,2025-06-02
BABYUSDT,SELL,-8.29228,1.6265,-3.453,0.5,39,2025-06-02
CTKUSDT,BUY,9.54516,-10.78,-10.58,1.0,40,2025-06-09
HMSTRUSDT,BUY,28.74569,-0.2,0.0,1.0,40,2025-06-09
DEXEUSDT,BUY,9.85438,-0.1887,0.0113,1.0,40,2025-06-09
BMTUSDT,BUY,6.3218,3.6791,3.8791,1.0,40,2025-06-09
ACXUSDT,BUY,5.86567,2.123,2.323,1.0,40,2025-06-09
COOKIEUSDT,SELL,-10.52729,5.6761,-11.5522,0.5,40,2025-06-09
RVNUSDT,SELL,-12.88294,-3.6078,7.0156,0.5,40,2025-06-09
KAIAUSDT,SELL,-17.41695,-11.6845,23.169,0.5,40,2025-06-09
NXPCUSDT,SELL,-10.41052,4.5408,-9.2817,0.5,40,2025-06-09
RAYUSDT,SELL,-10.99973,2.4928,-5.1857,0.5,40,2025-06-09
XAIUSDT,SELL,-14.86611,16.0572,-32.3145,0.5,41,2025-06-16
HAEDALUSDT,SELL,-18.19272,-2.1051,4.0102,0.5,41,2025-06-16
MAGICUSDT,SELL,-23.30827,8.0222,-16.2444,0.5,41,2025-06-16
CYBERUSDT,SELL,-13.1359,5.2499,-10.6997,0.5,41,2025-06-16
ALTUSDT,SELL,-20.59597,-0.1,0.0,0.5,41,2025-06-16
NOTUSDT,BUY,11.11085,11.0209,11.2209,1.0,42,2025-06-23
PROMUSDT,BUY,30.29594,32.7943,32.9943,1.0,42,2025-06-23
SFPUSDT,BUY,13.06338,-0.6005,-0.4005,1.0,42,2025-06-23
ARDRUSDT,BUY,10.50472,4.4069,4.6069,1.0,42,2025-06-23
OSMOUSDT,BUY,10.94941,-5.9579,-5.7579,1.0,42,2025-06-23
MOVEUSDT,SELL,-17.49847,-10.1053,20.0106,0.5,42,2025-06-23
SPKUSDT,SELL,-9.90153,4.5042,-9.2083,0.5,42,2025-06-23
FUNUSDT,SELL,-14.7544,11.6321,-23.4641,0.5,42,2025-06-23
HOMEUSDT,SELL,-10.68894,-3.2801,6.3603,0.5,42,2025-06-23
RESOLVUSDT,SELL,-10.01512,15.0374,-30.2748,0.5,42,2025-06-23
OGNUSDT,BUY,10.53624,-6.1348,-5.9348,1.0,43,2025-06-30
DEXEUSDT,BUY,9.3479,-0.5773,-0.3773,1.0,43,2025-06-30
AIXBTUSDT,BUY,8.60912,1.314,1.514,1.0,43,2025-06-30
DEGOUSDT,BUY,9.55622,-1.5848,-1.3848,1.0,43,2025-06-30
TRUUSDT,BUY,10.4315,-13.8059,-13.6059,1.0,43,2025-06-30
HFTUSDT,SELL,-13.51361,-13.9033,27.6066,0.5,43,2025-06-30
PROMUSDT,SELL,-14.1402,-15.6013,31.0026,0.5,43,2025-06-30
PARTIUSDT,SELL,-10.77318,12.0404,-24.2807,0.5,43,2025-06-30
FORMUSDT,SELL,-9.72487,3.3956,-6.9913,0.5,43,2025-06-30
BANANAS31USDT,SELL,-9.24519,-9.8196,19.4393,0.5,43,2025-06-30
FORMUSDT,BUY,5.67956,19.9993,20.1993,1.0,44,2025-07-07
IDEXUSDT,BUY,6.12011,23.925,24.125,1.0,44,2025-07-07
SAHARAUSDT,BUY,3.79399,-3.5213,-3.3213,1.0,44,2025-07-07
TONUSDT,BUY,8.59025,8.2983,8.4983,1.0,44,2025-07-07
KMNOUSDT,BUY,3.73233,9.3358,9.5358,1.0,44,2025-07-07
RESOLVUSDT,BUY,5.98828,-2.6362,-2.4362,1.0,45,2025-07-14
IDEXUSDT,BUY,5.74632,-0.4833,-0.4833,1.0,45,2025-07-14
DEGOUSDT,BUY,5.38491,0.4032,0.6032,1.0,45,2025-07-14
LISTAUSDT,BUY,5.78297,4.3714,4.5714,1.0,45,2025-07-14
PSGUSDT,BUY,7.24887,-0.9412,-0.7412,1.0,45,2025-07-14
INITUSDT,SELL,-12.04182,3.2002,-6.6003,0.5,45,2025-07-14
FUNUSDT,SELL,-11.57074,7.2555,-14.711,0.5,45,2025-07-14
TURBOUSDT,SELL,-10.87289,-0.9593,1.7186,0.5,45,2025-07-14
SXTUSDT,SELL,-9.8283,1.3674,-2.9347,0.5,45,2025-07-14
SEIUSDT,SELL,-9.89504,-2.4043,4.6086,0.5,45,2025-07-14
GNSUSDT,BUY,4.49738,-0.3074,-0.1074,1.0,46,2025-07-21
FUNUSDT,BUY,5.36242,-30.5714,-30.3714,1.0,46,2025-07-21
SYRUPUSDT,BUY,8.65303,25.3965,25.5965,1.0,46,2025-07-21
KNCUSDT,BUY,8.81253,20.2463,20.4463,1.0,46,2025-07-21
YFIUSDT,BUY,4.63473,-6.7603,-6.5603,1.0,46,2025-07-21
EPICUSDT,SELL,-13.18833,6.7994,-13.7988,0.5,46,2025-07-21
CFXUSDT,SELL,-14.49766,5.5939,-11.3879,0.5,46,2025-07-21
LUMIAUSDT,SELL,-14.8046,0.1632,-0.5263,0.5,46,2025-07-21
PENGUUSDT,SELL,-15.60624,-4.3543,8.5087,0.5,46,2025-07-21
APEUSDT,SELL,-13.34354,6.3264,-12.8529,0.5,46,2025-07-21
BARUSDT,SELL,-20.50047,7.565,-15.3301,0.5,47,2025-07-28
CITYUSDT,SELL,-18.62257,5.0429,-10.2857,0.5,47,2025-07-28
JUVUSDT,SELL,-16.34726,6.0057,-12.2114,0.5,47,2025-07-28
ATMUSDT,SELL,-20.71422,9.339,-18.878,0.5,47,2025-07-28
PORTALUSDT,SELL,-22.06156,14.2841,-28.7682,0.5,47,2025-07-28
1000CHEEMSUSDT,BUY,4.91298,15.1896,15.3896,1.0,48,2025-08-04
BABYUSDT,BUY,3.37403,10.7026,10.9026,1.0,48,2025-08-04
DIAUSDT,BUY,5.72553,9.9412,10.1412,1.0,48,2025-08-04
BROCCOLI714USDT,BUY,10.24108,-47.0222,-46.8222,1.0,48,2025-08-04
HMSTRUSDT,BUY,3.31206,7.8785,8.0785,1.0,48,2025-08-04
BIOUSDT,SELL,-17.63618,1.5842,-3.3684,0.5,49,2025-08-11
STGUSDT,SELL,-13.51109,7.3473,-14.8945,0.5,49,2025-08-11
ZROUSDT,SELL,-12.87322,10.3442,-20.8885,0.5,49,2025-08-11
MLNUSDT,SELL,-18.16188,3.7108,-7.6217,0.5,49,2025-08-11
LISTAUSDT,SELL,-18.30028,17.291,-34.7819,0.5,49,2025-08-11
VICUSDT,BUY,12.9794,1.9543,2.1543,1.0,50,2025-08-18
VELODROMEUSDT,BUY,14.45172,-0.9737,-0.7737,1.0,50,2025-08-18
PYRUSDT,BUY,12.73641,-2.3277,-2.1277,1.0,50,2025-08-18
HIGHUSDT,BUY,15.95136,3.1031,3.3031,1.0,50,2025-08-18
LSKUSDT,BUY,12.47659,-0.9802,-0.7802,1.0,50,2025-08-18
TSTUSDT,SELL,-8.75088,10.5601,-21.3202,0.5,50,2025-08-18
PONDUSDT,SELL,-8.02488,8.4779,-17.1559,0.5,50,2025-08-18
JUVUSDT,SELL,-7.04395,5.3534,-10.9069,0.5,50,2025-08-18
SKLUSDT,SELL,-14.68183,8.6034,-17.4068,0.5,50,2025-08-18
API3USDT,SELL,-8.59734,-21.9394,43.6788,0.5,50,2025-08-18
HOOKUSDT,BUY,12.22708,4.9201,5.1201,1.0,51,2025-08-25
NMRUSDT,BUY,12.58891,-0.2,0.0,1.0,51,2025-08-25
RADUSDT,BUY,12.87318,-11.4005,-11.2005,1.0,51,2025-08-25
SOLUSDT,BUY,11.44421,1.7408,1.9408,1.0,51,2025-08-25
SHELLUSDT,BUY,12.78331,-10.8038,-10.6038,1.0,51,2025-08-25
OGNUSDT,SELL,-12.80311,9.4082,-19.0165,0.5,51,2025-08-25
IOSTUSDT,SELL,-17.89667,12.2175,-24.6351,0.5,51,2025-08-25
ONGUSDT,SELL,-16.97911,13.5957,-27.3914,0.5,51,2025-08-25
ONTUSDT,SELL,-26.44946,18.1501,-36.5002,0.5,51,2025-08-25
MAVUSDT,SELL,-9.39834,-5.2957,10.3915,0.5,51,2025-08-25
CYBERUSDT,BUY,7.94672,-2.6491,-2.4491,1.0,52,2025-09-01
ERAUSDT,BUY,7.53811,1.473,1.673,1.0,52,2025-09-01
HEIUSDT,BUY,11.1383,7.8308,8.0308,1.0,52,2025-09-01
DEXEUSDT,BUY,7.61029,-5.4684,-5.2684,1.0,52,2025-09-01
BMTUSDT,BUY,8.75056,2.6638,2.8638,1.0,52,2025-09-01
ATMUSDT,SELL,-7.19167,3.3893,-6.9787,0.5,52,2025-09-01
FILUSDT,SELL,-9.02918,-0.0176,-0.1647,0.5,52,2025-09-01
IDEXUSDT,SELL,-15.29424,5.8321,-11.8643,0.5,52,2025-09-01
RLCUSDT,SELL,-12.17892,-0.2129,0.2258,0.5,52,2025-09-01
JOEUSDT,SELL,-7.50102,7.5363,-15.2726,0.5,52,2025-09-01
OSMOUSDT,BUY,4.05625,-0.322,-0.122,1.0,53,2025-09-08
MAVUSDT,BUY,7.49545,-11.4533,-11.2533,1.0,53,2025-09-08
WLFIUSDT,BUY,9.55398,1.1715,1.3715,1.0,53,2025-09-08
HOMEUSDT,BUY,6.9541,-4.9472,-4.7472,1.0,53,2025-09-08
ALPINEUSDT,BUY,9.58171,0.249,0.449,1.0,53,2025-09-08
HEIUSDT,SELL,-9.83524,-0.2933,0.3867,0.5,53,2025-09-08
PENGUUSDT,SELL,-11.41083,-1.6459,3.0919,0.5,53,2025-09-08
GPSUSDT,SELL,-23.34752,9.5929,-19.3857,0.5,53,2025-09-08
SOMIUSDT,SELL,-11.07044,14.7087,-29.6175,0.5,53,2025-09-08
ASRUSDT,SELL,-11.03525,0.7373,-1.6747,0.5,53,2025-09-08
AWEUSDT,SELL,-7.18663,-9.1754,18.1508,0.5,54,2025-09-15
ATMUSDT,SELL,-15.4014,2.6672,-5.5344,0.5,54,2025-09-15
OGUSDT,SELL,-5.46507,-0.1859,0.1718,0.5,54,2025-09-15
MITOUSDT,SELL,-15.02552,13.692,-27.5839,0.5,54,2025-09-15
PROMUSDT,SELL,-5.17599,-1.1143,2.0287,0.5,54,2025-09-15
SOLUSDT,BUY,22.02242,-5.722,-5.522,1.0,55,2025-09-22
SXTUSDT,BUY,27.32138,-4.0296,-3.8296,1.0,55,2025-09-22
RESOLVUSDT,BUY,20.28636,-20.2671,-20.0671,1.0,55,2025-09-22
CUSDT,BUY,20.16972,-19.9526,-19.7526,1.0,55,2025-09-22
BNTUSDT,BUY,20.42504,0.0286,0.2286,1.0,55,2025-09-22
TUTUSDT,SELL,-13.31121,2.6638,-5.5277,0.5,55,2025-09-22
MEUSDT,SELL,-9.30633,13.9116,-28.0233,0.5,55,2025-09-22
BBUSDT,SELL,-9.71467,7.2531,-14.7062,0.5,55,2025-09-22
AVNTUSDT,SELL,-5.29408,18.1135,-36.427,0.5,55,2025-09-22
PAXGUSDT,SELL,-4.4772,-1.3697,2.5394,0.5,55,2025-09-22
TUTUSDT,BUY,5.52324,0.2393,0.4393,1.0,56,2025-09-29
1000SATSUSDT,BUY,5.6229,4.6405,4.8405,1.0,56,2025-09-29
SOLVUSDT,BUY,8.04222,-9.595,-9.395,1.0,56,2025-09-29
PROVEUSDT,BUY,6.80491,8.1842,8.3842,1.0,56,2025-09-29
BARDUSDT,BUY,4.66249,-11.4973,-11.2973,1.0,56,2025-09-29
0GUSDT,SELL,-10.19088,14.6637,-29.5274,0.5,57,2025-10-06
STOUSDT,SELL,-23.20781,-7.2186,14.2372,0.5,57,2025-10-06
HOLOUSDT,SELL,-9.93176,23.1219,-46.4438,0.5,57,2025-10-06
OGUSDT,SELL,-13.19095,-0.8322,1.4645,0.5,57,2025-10-06
ALPINEUSDT,SELL,-9.47592,-0.1,0.0,0.5,57,2025-10-06
RDNTUSDT,BUY,7.43662,-25.2675,-25.0675,1.0,58,2025-10-13
SIGNUSDT,BUY,5.42693,-9.2897,-9.0897,1.0,58,2025-10-13
ZENUSDT,BUY,8.16776,-14.4364,-14.2364,1.0,58,2025-10-13
PIVXUSDT,BUY,6.13437,-15.0701,-14.8701,1.0,58,2025-10-13
NOTUSDT,BUY,5.44803,-11.3836,-11.1836,1.0,58,2025-10-13
MBOXUSDT,SELL,-29.56691,3.6541,-7.5082,0.5,58,2025-10-13
YGGUSDT,SELL,-25.21412,-1.5464,2.8928,0.5,58,2025-10-13
ALICEUSDT,SELL,-26.797,2.0884,-4.3769,0.5,58,2025-10-13
ZKCUSDT,SELL,-26.2644,-6.2133,12.2266,0.5,58,2025-10-13
DOLOUSDT,SELL,-25.2055,3.4214,-7.0427,0.5,58,2025-10-13
VICUSDT,BUY,1.06275,-3.1539,-2.9539,1.0,59,2025-10-20
SYNUSDT,BUY,5.99324,-3.6067,-3.4067,1.0,59,2025-10-20
A2ZUSDT,BUY,1.97176,-2.0147,-1.8147,1.0,59,2025-10-20
DCRUSDT,BUY,1.04868,1.0496,1.2496,1.0,59,2025-10-20
PAXGUSDT,BUY,4.34124,-5.1525,-4.9525,1.0,59,2025-10-20
ETHFIUSDT,BUY,11.89725,-4.009,-3.809,1.0,60,2025-10-27
ZBTUSDT,BUY,14.20063,-23.6805,-23.4805,1.0,60,2025-10-27
ASTERUSDT,BUY,12.37483,-6.4818,-6.2818,1.0,60,2025-10-27
FUNUSDT,BUY,13.0901,-21.6292,-21.4292,1.0,60,2025-10-27
2ZUSDT,BUY,12.28483,-34.0493,-33.8493,1.0,60,2025-10-27
AIXBTUSDT,SELL,-9.29087,16.3573,-32.9146,0.5,60,2025-10-27
DIAUSDT,SELL,-16.0423,20.4659,-41.1318,0.5,60,2025-10-27
NFPUSDT,SELL,-9.23485,11.668,-23.5359,0.5,60,2025-10-27
MEUSDT,SELL,-22.96896,14.7223,-29.6446,0.5,60,2025-10-27
DEXEUSDT,SELL,-11.27015,4.2303,-8.6605,0.5,60,2025-10-27
PHAUSDT,BUY,17.09033,15.3204,15.5204,1.0,61,2025-11-03
SYNUSDT,BUY,15.26522,12.613,12.813,1.0,61,2025-11-03
ROSEUSDT,BUY,16.63832,35.8208,36.0208,1.0,61,2025-11-03
THEUSDT,BUY,14.96994,-2.6048,-2.4048,1.0,61,2025-11-03
TUSDT,BUY,15.21866,5.6468,5.8468,1.0,61,2025-11-03
UNIUSDT,SELL,-14.03618,-6.8458,13.4916,0.5,62,2025-11-10
FETUSDT,SELL,-17.6943,13.1715,-26.543,0.5,62,2025-11-10
STRKUSDT,SELL,-13.68442,-5.9973,11.7946,0.5,62,2025-11-10
FUSDT,SELL,-14.95833,14.5748,-29.3496,0.5,62,2025-11-10
ZKUSDT,SELL,-13.61171,11.4683,-23.1366,0.5,62,2025-11-10
XNOUSDT,SELL,-11.5544,7.9171,-16.0343,0.5,63,2025-11-17
WCTUSDT,SELL,-11.59224,19.6346,-39.4692,0.5,63,2025-11-17
BANANAS31USDT,SELL,-17.40857,13.9265,-28.053,0.5,63,2025-11-17
MUBARAKUSDT,SELL,-11.80214,13.1507,-26.5013,0.5,63,2025-11-17
STRKUSDT,SELL,-11.50485,24.7689,-49.5377,0.5,63,2025-11-17
NTRNUSDT,SELL,-11.46056,11.7275,-23.655,0.5,64,2025-11-24
SAPIENUSDT,SELL,-12.27721,8.5359,-17.2719,0.5,64,2025-11-24
HOMEUSDT,SELL,-12.725,-1.7353,3.2705,0.5,64,2025-11-24
RESOLVUSDT,SELL,-12.86411,-0.1,0.0,0.5,64,2025-11-24
TNSRUSDT,SELL,-14.9838,11.3463,-22.8926,0.5,64,2025-11-24
MAVUSDT,BUY,17.29543,11.3848,11.5848,1.0,65,2025-12-01
ZECUSDT,BUY,20.02607,6.7363,6.9363,1.0,65,2025-12-01
A2ZUSDT,BUY,30.13074,-25.9694,-25.7694,1.0,65,2025-12-01
STRAXUSDT,BUY,16.79032,1.6503,1.8503,1.0,65,2025-12-01
DENTUSDT,BUY,27.22897,-7.7508,-7.5508,1.0,65,2025-12-01
DYMUSDT,SELL,-9.16846,8.8346,-17.8692,0.5,65,2025-12-01
OGUSDT,SELL,-5.77562,-4.1172,8.0343,0.5,65,2025-12-01
MBLUSDT,SELL,-21.25726,16.012,-32.224,0.5,65,2025-12-01
IOSTUSDT,SELL,-7.18035,10.642,-21.4841,0.5,65,2025-12-01
BERAUSDT,SELL,-9.07629,6.3359,-12.8718,0.5,65,2025-12-01
IDEXUSDT,BUY,6.26776,-11.4371,-11.2371,1.0,66,2025-12-08
PARTIUSDT,BUY,7.13277,-12.9384,-12.7384,1.0,66,2025-12-08
SYRUPUSDT,BUY,7.31805,-2.1253,-1.9253,1.0,66,2025-12-08
LUNCUSDT,BUY,8.17277,-16.1381,-15.9381,1.0,66,2025-12-08
KITEUSDT,BUY,6.25059,2.6138,2.8138,1.0,66,2025-12-08
ZECUSDT,SELL,-11.77012,-1.9339,3.6679,0.5,66,2025-12-08
XVGUSDT,SELL,-11.17272,7.055,-14.3101,0.5,66,2025-12-08
ZENUSDT,SELL,-10.53167,5.4255,-11.0509,0.5,66,2025-12-08
DASHUSDT,SELL,-10.85257,6.3459,-12.8918,0.5,66,2025-12-08
RESOLVUSDT,SELL,-12.49215,0.7929,-1.7858,0.5,66,2025-12-08
WINUSDT,BUY,12.68635,-14.5322,-14.3322,1.0,67,2025-12-15
FUSDT,BUY,12.6558,10.069,10.269,1.0,67,2025-12-15
USUALUSDT,BUY,11.8643,-4.1221,-3.9221,1.0,67,2025-12-15
SANTOSUSDT,BUY,16.47812,13.1698,13.3698,1.0,67,2025-12-15
GLMUSDT,BUY,11.92343,0.0864,0.2864,1.0,67,2025-12-15
RDNTUSDT,SELL,-13.31695,6.443,-13.086,0.5,67,2025-12-15
GUNUSDT,SELL,-12.44096,-0.1,0.0,0.5,67,2025-12-15
ATAUSDT,SELL,-9.10235,7.1171,-14.4342,0.5,67,2025-12-15
KITEUSDT,SELL,-7.86367,-1.4166,2.6332,0.5,67,2025-12-15
SOMIUSDT,SELL,-9.84184,9.8475,-19.895,0.5,67,2025-12-15
DCRUSDT,BUY,10.54323,21.5554,21.7554,1.0,68,2025-12-22
OPENUSDT,BUY,10.40474,-5.0009,-4.8009,1.0,68,2025-12-22
OXTUSDT,BUY,12.62656,-1.7937,-1.5937,1.0,68,2025-12-22
DEXEUSDT,BUY,14.54035,2.5068,2.7068,1.0,68,2025-12-22
DOLOUSDT,BUY,11.15315,38.2142,38.4142,1.0,68,2025-12-22
KMNOUSDT,SELL,-9.27343,0.856,-1.912,0.5,68,2025-12-22
EPICUSDT,SELL,-14.65671,-1.862,3.524,0.5,68,2025-12-22
ORCAUSDT,SELL,-9.64662,0.4305,-1.061,0.5,68,2025-12-22
METUSDT,SELL,-10.8101,-1.1062,2.0123,0.5,68,2025-12-22
POLYXUSDT,SELL,-11.63128,7.1774,-14.5548,0.5,68,2025-12-22
UNIUSDT,BUY,8.26473,-4.1451,-3.9451,1.0,69,2025-12-29
ACEUSDT,BUY,9.59058,0.905,1.105,1.0,69,2025-12-29
THEUSDT,BUY,10.00222,5.7114,5.9114,1.0,69,2025-12-29
1000CATUSDT,BUY,8.09744,14.2084,14.4084,1.0,69,2025-12-29
MITOUSDT,BUY,10.3925,8.9685,9.1685,1.0,69,2025-12-29
ATUSDT,BUY,14.75026,-0.0126,0.1874,1.0,70,2026-01-05
FIOUSDT,BUY,13.88812,-0.3768,-0.1768,1.0,70,2026-01-05
HEMIUSDT,BUY,13.68482,-12.0482,-11.8482,1.0,70,2026-01-05
ACEUSDT,BUY,12.26645,7.3847,7.3847,1.0,70,2026-01-05
SSVUSDT,BUY,13.73843,-13.5367,-13.3367,1.0,70,2026-01-05
RENDERUSDT,SELL,-7.92338,-8.3933,16.5866,0.5,70,2026-01-05
YBUSDT,SELL,-12.51851,4.6397,-9.4795,0.5,70,2026-01-05
CGPTUSDT,SELL,-10.98858,0.7715,-1.7431,0.5,70,2026-01-05
BROCCOLI714USDT,SELL,-9.94321,2.5786,-5.3572,0.5,70,2026-01-05
BTTCUSDT,SELL,-7.83969,3.4309,-7.0618,0.5,70,2026-01-05
JSTUSDT,SELL,-7.26342,-0.8557,1.5115,0.5,71,2026-01-12
OGUSDT,SELL,-10.58451,6.9673,-14.1346,0.5,71,2026-01-12
ACEUSDT,SELL,-6.90492,7.4095,-15.019,0.5,71,2026-01-12
GLMUSDT,SELL,-7.06229,11.8293,-23.8587,0.5,71,2026-01-12
PROMUSDT,SELL,-8.45146,-0.1,0.0,0.5,71,2026-01-12
YBUSDT,BUY,13.92042,-10.3391,-10.1391,1.0,72,2026-01-19
BANANAUSDT,BUY,11.28004,-3.4996,-3.2996,1.0,72,2026-01-19
EDENUSDT,BUY,13.00462,2.2391,2.4391,1.0,72,2026-01-19
MTLUSDT,BUY,11.23463,-6.4266,-6.2266,1.0,72,2026-01-19
COOKIEUSDT,BUY,11.89938,-12.7375,-12.5375,1.0,72,2026-01-19
ICPUSDT,SELL,-12.46978,13.8089,-27.8177,0.5,72,2026-01-19
ARPAUSDT,SELL,-18.03223,8.4428,-17.0857,0.5,72,2026-01-19
DUSKUSDT,SELL,-15.16429,-0.1,0.0,0.5,72,2026-01-19
ROSEUSDT,SELL,-20.61857,-5.1519,10.1038,0.5,72,2026-01-19
PIVXUSDT,SELL,-12.90689,7.916,-16.032,0.5,72,2026-01-19
MANTAUSDT,SELL,-9.51797,3.0157,-6.2313,0.5,73,2026-01-26
STOUSDT,SELL,-19.34888,7.1203,-14.4405,0.5,73,2026-01-26
WINUSDT,SELL,-9.39534,8.0303,-16.2605,0.5,73,2026-01-26
THEUSDT,SELL,-9.25687,7.3888,-14.9776,0.5,73,2026-01-26
RESOLVUSDT,SELL,-22.00502,24.7026,-49.6052,0.5,73,2026-01-26
BABYUSDT,BUY,10.86936,-16.9561,-16.7561,1.0,74,2026-02-02
ERAUSDT,BUY,13.51944,-10.0565,-9.8565,1.0,74,2026-02-02
CVCUSDT,BUY,10.92084,-8.6098,-8.4098,1.0,74,2026-02-02
BANKUSDT,BUY,14.81061,-32.342,-32.142,1.0,74,2026-02-02
RADUSDT,BUY,11.02646,-8.0391,-7.8391,1.0,74,2026-02-02
1000CHEEMSUSDT,SELL,-7.90245,12.565,-25.3301,0.5,74,2026-02-02
AUCTIONUSDT,SELL,-20.28529,7.9055,-16.011,0.5,74,2026-02-02
NMRUSDT,SELL,-8.20977,4.7306,-9.6611,0.5,74,2026-02-02
DOLOUSDT,SELL,-10.95409,5.5965,-11.3931,0.5,74,2026-02-02
SOMIUSDT,SELL,-7.36149,13.0453,-26.2905,0.5,74,2026-02-02
EULUSDT,BUY,15.65918,29.6732,29.8732,1.0,75,2026-02-09
ARKUSDT,BUY,12.62464,8.1471,8.3471,1.0,75,2026-02-09
RAYUSDT,BUY,12.68213,7.26,7.46,1.0,75,2026-02-09
AVAUSDT,BUY,11.90987,2.2521,2.4521,1.0,75,2026-02-09
ARDRUSDT,BUY,12.19729,2.6385,2.8385,1.0,75,2026-02-09
FLOWUSDT,SELL,-7.65229,7.9488,-16.0976,0.5,75,2026-02-09
RIFUSDT,SELL,-7.22148,11.3097,-22.8194,0.5,75,2026-02-09
PARTIUSDT,SELL,-7.56697,-2.0117,3.8233,0.5,75,2026-02-09
GPSUSDT,SELL,-12.72696,1.8933,-3.9867,0.5,75,2026-02-09
KITEUSDT,SELL,-7.76725,-9.6259,19.0518,0.5,75,2026-02-09
EGLDUSDT,BUY,10.80903,-9.5648,-9.3648,1.0,76,2026-02-16
DUSDT,BUY,9.25503,-12.628,-12.428,1.0,76,2026-02-16
SXTUSDT,BUY,8.91103,-1.1434,-0.9434,1.0,76,2026-02-16
SYRUPUSDT,BUY,9.13333,-18.6523,-18.4523,1.0,76,2026-02-16
WAXPUSDT,BUY,8.58894,-12.7626,-12.5626,1.0,76,2026-02-16
SKLUSDT,SELL,-9.92676,4.3072,-8.8144,0.5,76,2026-02-16
INITUSDT,SELL,-16.68696,15.7081,-31.6163,0.5,76,2026-02-16
OGUSDT,SELL,-8.85958,5.0223,-10.2447,0.5,76,2026-02-16
SHELLUSDT,SELL,-17.01863,6.5766,-13.3531,0.5,76,2026-02-16
HUMAUSDT,SELL,-12.61351,10.5948,-21.3896,0.5,76,2026-02-16
WOOUSDT,BUY,13.16572,0.4042,0.6042,1.0,77,2026-02-23
OGNUSDT,BUY,14.3666,0.3574,0.5574,1.0,77,2026-02-23
OGUSDT,BUY,13.09967,-8.1798,-7.9798,1.0,77,2026-02-23
SANTOSUSDT,BUY,13.38029,-29.569,-29.369,1.0,77,2026-02-23
币安人生USDT,BUY,15.7908,2.9901,3.1901,1.0,77,2026-02-23
BELUSDT,SELL,-13.56099,7.7308,-15.6616,0.5,77,2026-02-23
ESPUSDT,SELL,-16.25895,-17.2254,34.2508,0.5,77,2026-02-23
YGGUSDT,SELL,-12.33091,10.4412,-21.0823,0.5,77,2026-02-23
DEXEUSDT,SELL,-10.88692,-9.9622,19.7245,0.5,77,2026-02-23
LAUSDT,SELL,-20.47055,7.7218,-15.6436,0.5,77,2026-02-23
